{"cameraMode":{"drawMode":0,"name":"Shaded","section":"Shading Mode"},"sceneLighting":true,"audioPlay":false,"sceneViewState":{"showFog":true,"showMaterialUpdate":false,"showSkybox":true,"showFlares":true,"showImageEffects":true,"showParticleSystems":true},"in2DMode":false,"pivot":{"x":77.89901733398438,"y":370.4367980957031,"z":284.1820373535156},"rotation":{"x":0.05923859030008316,"y":-0.844970703125,"z":0.09572377055883408,"w":0.5228422284126282},"size":1537.0732421875,"orthographic":false}