{"cameraMode":{"drawMode":0,"name":"Shaded","section":"Shading Mode"},"sceneLighting":true,"audioPlay":false,"sceneViewState":{"showFog":true,"showMaterialUpdate":false,"showSkybox":true,"showFlares":true,"showImageEffects":true,"showParticleSystems":true},"in2DMode":false,"pivot":{"x":551.4864501953125,"y":194.73297119140626,"z":205.5836181640625},"rotation":{"x":-0.033253297209739688,"y":-0.054845068603754047,"z":0.0018274966860190034,"w":-0.9979397654533386},"size":1085.9210205078125,"orthographic":false}